{
  "ItemList": [
    {
      "Weapon": {
        "1H_Melee": [
          {
            "ItemID": 5,
            "DisplayID": 15,
            "Name": "Twig",
            "Desc": "A light twig that fell from a tree.",
            "LvlReq": 1,
            "Stackable": false,
            "StackCount": 1,
            "STR": 1,
            "INT": 1,
            "P_ATT": 2,
            "P_DEF": 0,
            "M_ATT": 1,
            "M_DEF": 0,
            "MAXHP": 0,
            "MAXMP": 0,
            "Buy": 5,
            "Sell": 2,
            "ATTSpeed": 1.8,
            "PlayerSpeed": 0,
            "DmgInc%": 0,
            "SpellBuffs": [],
            "SpellDebuffs": []
          },
          {
            "ItemID": 6,
            "DisplayID": 16,
            "Name": "Training Sword",
            "Desc": "A very common sword that can help get you started.",
            "LvlReq": 1,
            "Stackable": false,
            "StackCount": 1,
            "STR": 2,
            "INT": 0,
            "P_ATT": 2,
            "P_DEF": 0,
            "M_ATT": 0,
            "M_DEF": 0,
            "MAXHP": 0,
            "MAXMP": 0,
            "Buy": 10,
            "Sell": 3,
            "ATTSpeed": 1.6,
            "PlayerSpeed": 0,
            "DmgInc%": 0,
            "SpellBuffs": [],
            "SpellDebuffs": []
          }
        ]
      },
      "Currency": {
        "Twig": {
          "ItemID": 1,
          "DisplayID": 1,
          "Name": "Gold",
          "Desc": "Common Currency",
          "LvlReq": 1,
          "Buy": 1,
          "Sell": 1
        }
      }
    }
  ]
}