{
  "MonsterID": [
    {
      "Name": "Novice Bandit",
      "Level": 1,
      "HP": 5,
      "Att": 2,
      "Def": 1,
      "Gold_MIN": 0,
      "Gold_MAX": 3,
      "Exp": 3,
      "Description": "A bandit to the eyes but is holding a butter knife?"
    },
    {
      "Name": "Street Theif",
      "Level": 1,
      "HP": 4,
      "Att": 1,
      "Def": 2,
      "Gold_MIN": 0,
      "Gold_MAX": 4,
      "Exp": 3,
      "Description": "A fast runner, but not a very good fighter from the looks of it."
    }
  ]
}